"fish_level","direction","mean_total","conv_type","conv_years","theta","interaction_resource","knife_edge_size","fraction_of_unfished"
10,"up",0.295205500262967,"cycle",45.2,0,1,5,0.236869869650871
20,"up",0.391655840062177,"cycle",18.4,0,1,5,0.314260634374665
30,"up",0.0328321995296694,"cycle",18.8,0,1,5,0.0263442206057019
50,"up",0.0584227654281263,"steady",5.4,0,1,5,0.046877828561041
100,"up",NA,"extinction",9.8,0,1,5,NA
100,"down",NA,"extinction",10.6,0,1,5,NA
50,"down",0.0576217511025206,"steady",30.8,0,1,5,0.0462351028708838
30,"down",0.027224510714006,"cycle",8,0,1,5,0.0218446685390039
20,"down",0.0615871519365396,"cycle",12,0,1,5,0.0494168998829002
10,"down",0.624931277248482,"cycle",32.8,0,1,5,0.501438455756206
10,"up",1.07956284553806,"steady",11,0,1,10,0.866230169406515
20,"up",1.12003047152097,"steady",14.4,0,1,10,0.898700977989394
30,"up",0.642277980926331,"steady",30.6,0,1,10,0.515357273106778
50,"up",0.515796437093253,"steady",7.8,0,1,10,0.413869777872799
100,"up",0.501630573394467,"steady",1.4,0,1,10,0.402503233940404
100,"down",0.458354655228253,"steady",0.2,0,1,10,0.367779080474695
50,"down",0.517559821123182,"steady",4.8,0,1,10,0.415284699156249
30,"down",0.532865400770178,"steady",1.4,0,1,10,0.427565739491492
20,"down",0.616777487496257,"steady",5.4,0,1,10,0.494895938377466
10,"down",0.842571755052028,"steady",8.4,0,1,10,0.676070945876331
10,"up",1.23558294846146,"steady",1.4,0,1,15,0.991419101894083
20,"up",1.22569571989391,"steady",1,0,1,15,0.983485690965365
30,"up",1.21923075462394,"steady",0.8,0,1,15,0.978298269052727
50,"up",1.21536094801651,"steady",0.6,0,1,15,0.975193175868963
100,"up",1.21219167292209,"steady",0.6,0,1,15,0.972650181995768
100,"down",1.22696606353717,"steady",0.2,0,1,15,0.98450500169272
50,"down",1.21990777028337,"steady",0.6,0,1,15,0.97884149948325
30,"down",1.21402411750463,"steady",0.8,0,1,15,0.974120516759252
20,"down",1.21171654024681,"steady",0.8,0,1,15,0.972268940403858
10,"down",1.2139412326143,"steady",1.2,0,1,15,0.974054010772235
10,"up",0.907250048015766,"steady",16.8,0,2,5,0.922919433585437
20,"up",0.0657503992338834,"cycle",51.4,0,2,5,0.0668859939458471
30,"up",0.0216205488668185,"cycle",17,0,2,5,0.0219939638004005
50,"up",0.0211613614654956,"cycle",11.6,0,2,5,0.0215268456368189
100,"up",0.0402572431402601,"steady",1.8,0,2,5,0.0409525379667705
100,"down",0.040065072767954,"steady",0.2,0,2,5,0.040757048562776
50,"down",0.0252051366701136,"cycle",9.2,0,2,5,0.0256404620863911
30,"down",0.329811138367875,"cycle",16,0,2,5,0.335507404687795
20,"down",0.399348065452149,"cycle",30.2,0,2,5,0.406245324733377
10,"down",0.250090899599359,"steady",11.8,0,2,5,0.2544102939514
10,"up",0.866410808464449,"steady",8.6,0,2,10,0.881374847374397
20,"up",0.881295597594718,"steady",5.8,0,2,10,0.896516716127329
30,"up",0.901305268202237,"steady",4,0,2,10,0.916871979710629
50,"up",0.9164721564209,"steady",6.2,0,2,10,0.932300819769261
100,"up",0.926518011749226,"steady",6.6,0,2,10,0.942520180054529
100,"down",0.94504993620331,"steady",0.2,0,2,10,0.961372174890813
50,"down",0.979440952838513,"steady",1.4,0,2,10,0.996357169008815
30,"down",1.05455252905333,"steady",2.2,0,2,10,1.07276601960905
20,"down",1.11761328777112,"steady",2.4,0,2,10,1.13691591945704
10,"down",1.1875978874355,"steady",3.4,0,2,10,1.20810924396908
10,"up",0.9647786098171,"steady",1.4,0,2,15,0.981441588297683
20,"up",0.954090680651993,"steady",1,0,2,15,0.970569064727323
30,"up",0.948667972993653,"steady",0.8,0,2,15,0.965052699871262
50,"up",0.945117781518764,"steady",0.6,0,2,15,0.961441191982901
100,"up",0.941881815475532,"steady",0.6,0,2,15,0.958149336607139
100,"down",0.942217901795724,"steady",0.2,0,2,15,0.958491227574183
50,"down",0.939435901503032,"steady",0.6,0,2,15,0.955661178526535
30,"down",0.939417353511091,"steady",0.8,0,2,15,0.955642310186705
20,"down",0.943051085562848,"steady",0.8,0,2,15,0.959338801506098
10,"down",0.952408266041135,"steady",1,0,2,15,0.968857592633048
10,"up",0.77631306028036,"steady",12,0,3,5,0.877646258019675
20,"up",0.843399017507632,"steady",24.6,0,3,5,0.953489036324757
30,"up",0.176107635539865,"cycle",55,0,3,5,0.199095204303837
50,"up",0.151199179761916,"cycle",10.8,0,3,5,0.170935413975601
100,"up",0.102980633895988,"cycle",4.8,0,3,5,0.116422835852675
100,"down",0.0297832531509953,"cycle",4.6,0,3,5,0.0336709016207762
50,"down",0.0930390152517684,"cycle",10.2,0,3,5,0.105183524229337
30,"down",0.10686100693131,"cycle",25,0,3,5,0.120809719248583
20,"down",0.242595749531127,"cycle",41.8,0,3,5,0.274262102083635
10,"down",0.961450865799263,"steady",14.4,0,3,5,1.08695035264995
10,"up",0.789106232954578,"steady",7.8,0,3,10,0.892109340892031
20,"up",0.792981774809291,"steady",5.6,0,3,10,0.896490762486766
30,"up",0.814502488409972,"steady",4.2,0,3,10,0.920820604051881
50,"up",0.818931461200795,"steady",4.4,0,3,10,0.925827696674196
100,"up",0.824467001097495,"steady",6,0,3,10,0.932085798109078
100,"down",0.825635198147567,"steady",0.2,0,3,10,0.933406481506127
50,"down",0.908023766327962,"steady",2.2,0,3,10,1.02654934134802
30,"down",0.997921286928301,"steady",2.8,0,3,10,1.12818130736394
20,"down",1.04678083735171,"steady",2.6,0,3,10,1.18341856123952
10,"down",1.08919081410994,"steady",3.4,0,3,10,1.23136436984297
10,"up",0.868222325733784,"steady",1.2,0,3,15,0.981552564675656
20,"up",0.855157286163756,"steady",1,0,3,15,0.966782127752473
30,"up",0.848234543596062,"steady",1.4,0,3,15,0.958955750198583
50,"up",0.846176327548796,"steady",0.6,0,3,15,0.956628872416279
100,"up",0.843592372235832,"steady",0.6,0,3,15,0.953707629908141
100,"down",0.853048783747661,"steady",0.2,0,3,15,0.964398399653344
50,"down",0.844140464965991,"steady",1.4,0,3,15,0.954327265926501
30,"down",0.843786991541615,"steady",0.8,0,3,15,0.953927653136138
20,"down",0.846159775449887,"steady",0.8,0,3,15,0.956610159749427
10,"down",0.854026017834238,"steady",1,0,3,15,0.965503193432009
10,"up",0.668914057715268,"steady",7.4,0,5,5,0.859430898233536
20,"up",0.686300229450375,"steady",8.8,0,5,5,0.881768914633105
30,"up",0.725839020692972,"steady",9.4,0,5,5,0.932568951619556
50,"up",0.124332234126955,"cycle",31.2,0,5,5,0.159743934848796
100,"up",0.114287815567651,"cycle",7.6,0,5,5,0.14683871396864
100,"down",0.126033586838256,"cycle",7.8,0,5,5,0.161929858544105
50,"down",0.132566557876422,"cycle",15.8,0,5,5,0.170323518540789
30,"down",0.106441580126609,"steady",24.2,0,5,5,0.136757752004889
20,"down",0.860284226525541,"steady",17.4,0,5,5,1.10530618546771
10,"down",0.987579957847164,"steady",5.6,0,5,5,1.26885766633314
10,"up",0.697016079721971,"steady",4.6,0,5,10,0.895536801132171
20,"up",0.681792571404429,"steady",4.6,0,5,10,0.875977407400338
30,"up",0.690730800479207,"steady",3.6,0,5,10,0.887461379300393
50,"up",0.713480698217785,"steady",5,0,5,10,0.916690791992015
100,"up",0.73502143392446,"steady",5.8,0,5,10,0.944366655017275
100,"down",0.744464530602829,"steady",0.2,0,5,10,0.956499288450211
50,"down",0.856447787795416,"steady",3,0,5,10,1.10037707096365
30,"down",0.932433239185554,"steady",3.4,0,5,10,1.1980043281392
20,"down",0.956847448439188,"steady",3,0,5,10,1.22937207343697
10,"down",0.970669911419207,"steady",3.4,0,5,10,1.24713138292928
10,"up",0.761962824120197,"steady",1.2,0,5,15,0.978981360611395
20,"up",0.751855938860847,"steady",2,0,5,15,0.965995881570254
30,"up",0.74925567274443,"steady",0.8,0,5,15,0.962655020336583
50,"up",0.746831022330637,"steady",0.6,0,5,15,0.959539792813714
100,"up",0.744317599150885,"steady",0.6,0,5,15,0.956310508698513
100,"down",0.743276239535505,"steady",1.4,0,5,15,0.954972554114799
50,"down",0.741260281378883,"steady",0.6,0,5,15,0.952382420585143
30,"down",0.742218654065583,"steady",0.8,0,5,15,0.953613752307766
20,"down",0.746015950232521,"steady",0.8,0,5,15,0.958492575854631
10,"down",0.755161288801575,"steady",1,0,5,15,0.970242645165324
10,"up",0.488576026311252,"cycle",21.8,0.3,1,5,1.13883995255629
20,"up",0.00854097233514434,"cycle",8.8,0.3,1,5,0.0199084687031775
30,"up",0.0218625094790064,"cycle",22.6,0.3,1,5,0.0509601329516969
50,"up",0.0373195577954311,"steady",8.6,0.3,1,5,0.0869895392740679
100,"up",NA,"extinction",9.6,0.3,1,5,NA
100,"down",NA,"extinction",10.6,0.3,1,5,NA
50,"down",0.0347538712742395,"steady",30.6,0.3,1,5,0.0810090855499493
30,"down",0.144095472391239,"cycle",8.4,0.3,1,5,0.335877472704879
20,"down",0.313980712375086,"cycle",9.2,0.3,1,5,0.731869269731704
10,"down",0.317312879220619,"cycle",21.8,0.3,1,5,0.739636340827943
10,"up",0.514675013137091,"cycle",20.6,0.3,1,10,1.19967504743991
20,"up",0.506233580533894,"cycle",20.4,0.3,1,10,1.17999859958406
30,"up",0.499953077076453,"cycle",19.2,0.3,1,10,1.16535914149705
50,"up",0.48752742262038,"cycle",17.8,0.3,1,10,1.13639572338161
100,"up",0.47147767393265,"cycle",16.2,0.3,1,10,1.09898476981503
100,"down",0.471311016280002,"cycle",16.2,0.3,1,10,1.09859630132084
50,"down",0.483152897819557,"cycle",17.8,0.3,1,10,1.12619898152704
30,"down",0.489055680875554,"cycle",19.2,0.3,1,10,1.13995799714268
20,"down",0.487820718483866,"cycle",20.4,0.3,1,10,1.13707937757106
10,"down",0.487404341751281,"cycle",21.4,0.3,1,10,1.13610882962592
10,"up",0.440902160936986,"cycle",16.4,0.3,1,15,1.02771517430854
20,"up",0.442420077532989,"cycle",16.6,0.3,1,15,1.03125334231328
30,"up",0.437026281859218,"cycle",16.6,0.3,1,15,1.01868074423557
50,"up",0.441170290397761,"cycle",16.8,0.3,1,15,1.02834016719797
100,"up",0.443493722179674,"cycle",16.8,0.3,1,15,1.03375594037919
100,"down",0.447499718832098,"cycle",16.8,0.3,1,15,1.0430936663254
50,"down",0.447889710959748,"cycle",16.8,0.3,1,15,1.04400271341784
30,"down",0.438895833163253,"cycle",16.6,0.3,1,15,1.02303855060291
20,"down",0.428446452492772,"cycle",16.6,0.3,1,15,0.99868170223919
10,"down",0.417709336967968,"cycle",16.6,0.3,1,15,0.9736541620482
10,"up",0.162016707215767,"cycle",43.4,0.3,2,5,0.229347400801733
20,"up",0.384102776647425,"cycle",21,0.3,2,5,0.543727711658135
30,"up",0.0643261296740542,"cycle",12,0.3,2,5,0.0910586994261774
50,"up",0.171758459326339,"cycle",13.4,0.3,2,5,0.243137617651646
100,"up",0.0350440377107065,"steady",3,0.3,2,5,0.0496075935665371
100,"down",0.0350092575317629,"steady",0.2,0.3,2,5,0.0495583594858228
50,"down",0.09098351749299,"cycle",10.8,0.3,2,5,0.128794329988614
30,"down",0.141155896766604,"cycle",12.6,0.3,2,5,0.199817281733447
20,"down",0.377574130236419,"cycle",21,0.3,2,5,0.534485898817664
10,"down",0.365500646772871,"cycle",21.2,0.3,2,5,0.517394932715631
10,"up",0.408249422056176,"steady",11.2,0.3,2,10,0.577909188727676
20,"up",0.330840099759509,"steady",5.6,0.3,2,10,0.468330200414326
30,"up",0.318567216163928,"steady",1.4,0.3,2,10,0.450956967731352
50,"up",0.282613211500815,"steady",3.8,0.3,2,10,0.400061244323539
100,"up",0.277615067913469,"steady",1.2,0.3,2,10,0.392985978690192
100,"down",0.280094565011394,"steady",0.2,0.3,2,10,0.396495901984382
50,"down",0.283491368943885,"steady",1.4,0.3,2,10,0.401304345300739
30,"down",0.31357628127236,"steady",3.4,0.3,2,10,0.443891906574249
20,"down",0.325212587137739,"steady",1.4,0.3,2,10,0.460364013377434
10,"down",0.408434280422507,"steady",4.8,0.3,2,10,0.578170870294737
10,"up",0.68013557568018,"steady",1.6,0.3,2,15,0.962785438339404
20,"up",0.66474403981569,"steady",1,0.3,2,15,0.940997507912166
30,"up",0.654318807115323,"steady",0.8,0.3,2,15,0.926239770493159
50,"up",0.647392384275897,"steady",0.6,0.3,2,15,0.916434873810741
100,"up",0.640887000115429,"steady",0.6,0.3,2,15,0.90722599051679
100,"down",0.658500226794355,"steady",0.2,0.3,2,15,0.932158899152958
50,"down",0.65058866502719,"steady",0.6,0.3,2,15,0.920959460781672
30,"down",0.642929682290345,"steady",0.8,0.3,2,15,0.910117567907369
20,"down",0.637390870595301,"steady",0.8,0.3,2,15,0.902276944013582
10,"down",0.633300954751229,"steady",1,0.3,2,15,0.896487346234097
10,"up",0.341975221023297,"steady",37.8,0.3,3,5,0.413294097571867
20,"up",0.312829880022763,"cycle",21.2,0.3,3,5,0.378070500460955
30,"up",0.294190843579641,"cycle",19.2,0.3,3,5,0.355544296008719
50,"up",0.199314122907113,"cycle",10,0.3,3,5,0.240881050719788
100,"up",0.011312454130797,"cycle",7,0.3,3,5,0.0136716645940625
100,"down",0.043702845126669,"cycle",4,0.3,3,5,0.0528170663473868
50,"down",0.0193015050120985,"cycle",9.2,0.3,3,5,0.0233268307331855
30,"down",0.287596226341299,"cycle",19.2,0.3,3,5,0.347574372421282
20,"down",0.210708850669406,"cycle",21.4,0.3,3,5,0.254652147097771
10,"down",0.343205443095772,"steady",22.4,0.3,3,5,0.414780882256837
10,"up",0.827871256192195,"steady",7,0.3,3,10,1.00052367159763
20,"up",0.787119612613769,"steady",15.4,0.3,3,10,0.951273279399865
30,"up",0.611196672267624,"steady",10.2,0.3,3,10,0.738661638547687
50,"up",0.471041529598442,"steady",8.2,0.3,3,10,0.569277163742216
100,"up",0.379617528281249,"steady",6.8,0.3,3,10,0.458786701866838
100,"down",0.375206048010561,"steady",0.2,0.3,3,10,0.453455208105465
50,"down",0.38874672688266,"steady",1.8,0.3,3,10,0.469819793347076
30,"down",0.503268792378152,"steady",6.4,0.3,3,10,0.608225416916514
20,"down",0.549871358160154,"steady",2.2,0.3,3,10,0.664546940188791
10,"down",0.730630866246769,"steady",7.4,0.3,3,10,0.883003814194592
10,"up",0.840365466277734,"steady",1.4,0.3,3,15,1.01562354715799
20,"up",0.855407926389053,"steady",1.4,0.3,3,15,1.03380310987123
30,"up",0.862518815096434,"steady",0.8,0.3,3,15,1.04239697325834
50,"up",0.867110777230026,"steady",0.6,0.3,3,15,1.04794658834568
100,"up",0.8716906831826,"steady",0.6,0.3,3,15,1.05348163293742
100,"down",0.850941953351376,"steady",0.2,0.3,3,15,1.0284057588852
50,"down",0.856741922633524,"steady",0.6,0.3,3,15,1.03541531081483
30,"down",0.866166970182962,"steady",0.8,0.3,3,15,1.04680595049294
20,"down",0.876946698557628,"steady",0.8,0.3,3,15,1.05983378946135
10,"down",0.890719021408239,"steady",1,0.3,3,15,1.0764783279954
10,"up",0.660958559326749,"steady",8.2,0.3,5,5,1.40554167962276
20,"up",0.749289024258096,"steady",12.4,0.3,5,5,1.5933781911401
30,"up",0.126312270556657,"cycle",42.2,0.3,5,5,0.268605585645198
50,"up",0.17255107255874,"cycle",14,0.3,5,5,0.366933328758096
100,"up",0.133426599193826,"cycle",7.6,0.3,5,5,0.283734348683324
100,"down",0.125263942857533,"cycle",7.4,0.3,5,5,0.266376295693158
50,"down",0.143337910906124,"cycle",14,0.3,5,5,0.304810952526018
30,"down",0.0777612631759305,"cycle",10,0.3,5,5,0.165360891256502
20,"down",0.36855504741051,"steady",5.6,0.3,5,5,0.783739726282488
10,"down",0.828319404306836,"steady",9.8,0.3,5,5,1.76143788497034
10,"up",0.557669941612397,"steady",5,0.3,5,10,1.18589635514732
20,"up",0.676122300330068,"steady",5.6,0.3,5,10,1.43778768006926
30,"up",0.708513200742854,"steady",2.6,0.3,5,10,1.50666758173368
50,"up",0.74107691667725,"steady",5.6,0.3,5,10,1.57591497908308
100,"up",0.748872328126522,"steady",7.4,0.3,5,10,1.5924920784294
100,"down",0.783900252748784,"steady",2.6,0.3,5,10,1.66697966515106
50,"down",0.812350199341316,"steady",1.2,0.3,5,10,1.72747904919652
30,"down",0.876159448472962,"steady",2.2,0.3,5,10,1.86317070177353
20,"down",0.921226391461409,"steady",2.6,0.3,5,10,1.95900646310774
10,"down",0.951182578844058,"steady",4,0.3,5,10,2.02270889850973
10,"up",0.474289706267977,"steady",1.2,0.3,5,15,1.00858660648061
20,"up",0.488025648167425,"steady",1.4,0.3,5,15,1.0377963633952
30,"up",0.497309820971448,"steady",0.8,0.3,5,15,1.05753934372692
50,"up",0.503802821584128,"steady",0.6,0.3,5,15,1.07134684021541
100,"up",0.510150459808337,"steady",0.6,0.3,5,15,1.08484522065908
100,"down",0.50756053982786,"steady",0.2,0.3,5,15,1.07933770369288
50,"down",0.51687474782228,"steady",0.6,0.3,5,15,1.09914455446151
30,"down",0.527602908525091,"steady",0.8,0.3,5,15,1.12195820412337
20,"down",0.535148093148482,"steady",0.8,0.3,5,15,1.1380031910881
10,"down",0.539869525750916,"steady",1,0.3,5,15,1.14804341254618
10,"up",0.501659953204349,"cycle",20.4,0.7,1,5,0.959489658525048
20,"up",0.320233643694874,"cycle",10.2,0.7,1,5,0.612488334925681
30,"up",0.0745600743390336,"cycle",6.2,0.7,1,5,0.1426058026163
50,"up",0.0241608157716913,"steady",12.8,0.7,1,5,0.0462106905811227
100,"up",NA,"extinction",9.4,0.7,1,5,NA
100,"down",NA,"extinction",10.8,0.7,1,5,NA
50,"down",0.0226472509254038,"steady",30.4,0.7,1,5,0.0433158017062112
30,"down",0.163510464677549,"cycle",8.8,0.7,1,5,0.312734949075805
20,"down",0.27442037843857,"cycle",8.4,0.7,1,5,0.524864529286201
10,"down",0.258514484829398,"cycle",20.4,0.7,1,5,0.49444244689729
10,"up",0.525680726962471,"cycle",26,0.7,1,10,1.00543250061055
20,"up",0.510018670040057,"cycle",22.8,0.7,1,10,0.975476787477982
30,"up",0.497889525793669,"cycle",20.4,0.7,1,10,0.952278227583315
50,"up",0.48231822184934,"cycle",17.8,0.7,1,10,0.922496091279824
100,"up",0.462035901153166,"cycle",15.4,0.7,1,10,0.883703525051322
100,"down",0.46137723787871,"cycle",15.4,0.7,1,10,0.882443746198626
50,"down",0.491980696352457,"cycle",17.8,0.7,1,10,0.94097682569421
30,"down",0.501537070852053,"cycle",20.4,0.7,1,10,0.959254630104919
20,"down",0.500252665738813,"cycle",22.8,0.7,1,10,0.956798038910747
10,"down",0.4967119574729,"cycle",26,0.7,1,10,0.950025975597149
10,"up",0.530265923104527,"cycle",24,0.7,1,15,1.01420228231728
20,"up",0.527504914049675,"cycle",24.6,0.7,1,15,1.00892149476726
30,"up",0.524470549741733,"cycle",24.8,0.7,1,15,1.00311787987819
50,"up",0.519613036968843,"cycle",25,0.7,1,15,0.993827257332042
100,"up",0.509938297106675,"cycle",25.2,0.7,1,15,0.975323063829298
100,"down",0.528008094272366,"cycle",25.2,0.7,1,15,1.00988389213816
50,"down",0.522712667966364,"cycle",25,0.7,1,15,0.999755703221269
30,"down",0.518833331126248,"cycle",24.8,0.7,1,15,0.992335968884793
20,"down",0.514069478959862,"cycle",24.6,0.7,1,15,0.983224484383801
10,"down",0.510528129821999,"cycle",24,0.7,1,15,0.97645119531956
10,"up",0.30268858077921,"cycle",22,0.7,2,5,1.0374770783702
20,"up",0.281607009222102,"cycle",16.8,0.7,2,5,0.965219158331665
30,"up",0.256698278560145,"cycle",9.2,0.7,2,5,0.879843499142438
50,"up",0.138859851352514,"cycle",12,0.7,2,5,0.475947630773724
100,"up",0.0299860315005658,"steady",3,0.7,2,5,0.102778308560693
100,"down",0.0299677996708332,"steady",0.2,0.7,2,5,0.102715818243431
50,"down",0.0673382719783351,"cycle",8.8,0.7,2,5,0.230804589637097
30,"down",0.195610885383605,"cycle",10.6,0.7,2,5,0.670464043746738
20,"down",0.325714713633137,"cycle",16.8,0.7,2,5,1.11640005913795
10,"down",0.342919383978927,"cycle",22.4,0.7,2,5,1.17536974698915
10,"up",0.232867026553709,"steady",9.2,0.7,2,10,0.798160940646528
20,"up",0.2125402402984,"steady",9.2,0.7,2,10,0.728490077072737
30,"up",0.210285460738341,"steady",4,0.7,2,10,0.720761730980801
50,"up",0.203659909130231,"steady",12.6,0.7,2,10,0.698052390881885
100,"up",0.197942899023261,"steady",29.2,0.7,2,10,0.678457112700186
100,"down",0.198091081088272,"steady",2.8,0.7,2,10,0.678965012586858
50,"down",0.199635110667426,"steady",3.8,0.7,2,10,0.684257235017495
30,"down",0.205708363196964,"steady",6.8,0.7,2,10,0.705073548187715
20,"down",0.217418838300791,"steady",5.4,0.7,2,10,0.745211664616718
10,"down",0.226931757753931,"steady",4.6,0.7,2,10,0.777817572165685
10,"up",0.286364668911179,"steady",1.4,0.7,2,15,0.981526225025087
20,"up",0.282647126855776,"steady",1.2,0.7,2,15,0.968784202645421
30,"up",0.281078294933886,"steady",0.8,0.7,2,15,0.963406969204415
50,"up",0.280617143434793,"steady",0.6,0.7,2,15,0.961826354208192
100,"up",0.280481947088847,"steady",0.6,0.7,2,15,0.961362963387048
100,"down",0.279052537494904,"steady",0.2,0.7,2,15,0.956463605487584
50,"down",0.27899392581039,"steady",0.6,0.7,2,15,0.956262711621515
30,"down",0.280448638812061,"steady",0.8,0.7,2,15,0.961248797951416
20,"down",0.28253932244642,"steady",1,0.7,2,15,0.968414698769964
10,"down",0.284715530035026,"steady",1.2,0.7,2,15,0.975873736323155
10,"up",0.177008001607613,"steady",20.4,0.7,3,5,0.356136132449699
20,"up",0.049034582077542,"cycle",20.2,0.7,3,5,0.0986564802651952
30,"up",0.19219974891027,"cycle",15.4,0.7,3,5,0.386701587572541
50,"up",0.0110931684272111,"cycle",9.2,0.7,3,5,0.0223192062754193
100,"up",0.0133075308728417,"cycle",17.4,0.7,3,5,0.0267744538917214
100,"down",0.0541004731972211,"cycle",3.2,0.7,3,5,0.108848939670353
50,"down",0.183611690306253,"cycle",7.6,0.7,3,5,0.369422606121374
30,"down",0.210482188188975,"cycle",15.4,0.7,3,5,0.423485445688163
20,"down",0.211975468189191,"cycle",19.8,0.7,3,5,0.426489891583894
10,"down",0.176696309913342,"steady",14.8,0.7,3,5,0.355509015745898
10,"up",0.343830477600356,"steady",8.4,0.7,3,10,0.69177921562195
20,"up",0.283705025811008,"steady",5,0.7,3,10,0.570808154045215
30,"up",0.259257643660827,"steady",3.6,0.7,3,10,0.521620569029789
50,"up",0.237141638886126,"steady",3.4,0.7,3,10,0.477123663047195
100,"up",0.22134010682664,"steady",3,0.7,3,10,0.44533133465901
100,"down",0.225711681293136,"steady",0.2,0.7,3,10,0.454126844517739
50,"down",0.240455788754723,"steady",2.8,0.7,3,10,0.483791658312048
30,"down",0.26203636691139,"steady",3.2,0.7,3,10,0.527211297938176
20,"down",0.285791959964581,"steady",3.4,0.7,3,10,0.575007018793592
10,"down",0.344070304794401,"steady",4.4,0.7,3,10,0.692261742561793
10,"up",0.487073975462816,"steady",1.4,0.7,3,15,0.979981923205702
20,"up",0.480808494290084,"steady",1,0.7,3,15,0.967375915496855
30,"up",0.476573614742292,"steady",0.8,0.7,3,15,0.958855432751198
50,"up",0.473343843137445,"steady",0.6,0.7,3,15,0.952357204662074
100,"up",0.469803639757752,"steady",0.6,0.7,3,15,0.9452343947988
100,"down",0.476410526666553,"steady",0.2,0.7,3,15,0.958527303197648
50,"down",0.473411031164214,"steady",0.6,0.7,3,15,0.952492385466237
30,"down",0.471351840835404,"steady",0.8,0.7,3,15,0.948349340671539
20,"down",0.469985261927686,"steady",0.8,0.7,3,15,0.945599814534518
10,"down",0.469834904746953,"steady",1,0.7,3,15,0.945297299256417
10,"up",0.723585716113549,"steady",10,0.7,5,5,0.975045218798804
20,"up",0.148165829776385,"steady",23,0.7,5,5,0.199656213072828
30,"up",0.167758222733509,"cycle",10,0.7,5,5,0.226057327207969
50,"up",0.162355044865421,"cycle",12.6,0.7,5,5,0.218776444474551
100,"up",0.135301452583432,"cycle",7,0.7,5,5,0.182321225392053
100,"down",0.125236506390685,"cycle",7,0.7,5,5,0.168758523083036
50,"down",0.139735505893622,"cycle",12.4,0.7,5,5,0.188296194747752
30,"down",0.129976814545004,"cycle",10.8,0.7,5,5,0.175146176540773
20,"down",0.143472214572455,"steady",7.6,0.7,5,5,0.193331479234723
10,"down",0.553029074696007,"steady",7.6,0.7,5,5,0.745216970333962
10,"up",0.741013460136122,"steady",3.6,0.7,5,10,0.998529428209308
20,"up",0.733442610093473,"steady",7.6,0.7,5,10,0.988327566879074
30,"up",0.652299823717032,"steady",9,0.7,5,10,0.87898615212408
50,"up",0.477655189051479,"steady",10,0.7,5,10,0.643649256677695
100,"up",0.36890561379292,"steady",7.6,0.7,5,10,0.49710718012623
100,"down",0.366223706085895,"steady",0.2,0.7,5,10,0.493493259579208
50,"down",0.38639626789,"steady",2,0.7,5,10,0.520676162032923
30,"down",0.508219397308242,"steady",6.6,0.7,5,10,0.684835096120733
20,"down",0.551770125143122,"steady",2,0.7,5,10,0.743520512381691
10,"down",0.622620738777634,"steady",2.6,0.7,5,10,0.838993032823833
10,"up",0.774302658258969,"steady",2.6,0.7,5,15,1.04338724221048
20,"up",0.780616638159054,"steady",0.8,0.7,5,15,1.05189544763255
30,"up",0.784830546619437,"steady",0.8,0.7,5,15,1.05757376770612
50,"up",0.798110574087859,"steady",2,0.7,5,15,1.07546885186857
100,"up",0.800370339502332,"steady",0.6,0.7,5,15,1.07851392782007
100,"down",0.763202129196598,"steady",0.2,0.7,5,15,1.02842907271187
50,"down",0.76873529840182,"steady",0.6,0.7,5,15,1.03588512119129
30,"down",0.777487235031529,"steady",0.8,0.7,5,15,1.04767851867827
20,"down",0.795843939893244,"steady",1.4,0.7,5,15,1.07241452010799
10,"down",0.808071531521261,"steady",1,0.7,5,15,1.08889142738908
10,"up",0.511005863657448,"cycle",19.6,1,1,5,0.972199095209283
20,"up",0.017086986008791,"cycle",10.4,1,1,5,0.0325083399605294
30,"up",0.144441349298719,"cycle",9.4,1,1,5,0.274802617907251
50,"up",0.0194871615879732,"steady",15.6,1,1,5,0.0370747230343421
100,"up",NA,"extinction",9.2,1,1,5,NA
100,"down",NA,"extinction",10.8,1,1,5,NA
50,"down",0.0180222758592246,"steady",30.4,1,1,5,0.0342877480084957
30,"down",0.00557575881643401,"cycle",7.6,1,1,5,0.0106079950583035
20,"down",0.291305873268127,"cycle",8.8,1,1,5,0.554215375129767
10,"down",0.304424896484244,"cycle",19.6,1,1,5,0.579174584813686
10,"up",0.593407339666883,"cycle",26.4,1,1,10,1.12896958673927
20,"up",0.559981243804098,"cycle",22.6,1,1,10,1.06537575648145
30,"up",0.513000326650897,"cycle",19.8,1,1,10,0.975993601800228
50,"up",0.357085641827705,"cycle",17,1,1,10,0.679362728663008
100,"up",0.0149837100946612,"cycle",14.6,1,1,10,0.0285068145649947
100,"down",0.0883018912822628,"cycle",14.2,1,1,10,0.16799615212915
50,"down",0.108871144985159,"cycle",16.8,1,1,10,0.207129577518748
30,"down",0.0802767850641321,"cycle",19.8,1,1,10,0.152728223600144
20,"down",0.135561940205369,"cycle",22.2,1,1,10,0.257909360705148
10,"down",0.144579323418363,"cycle",26.4,1,1,10,0.275065116488617
10,"up",0.211398039496793,"cycle",8.8,1,2,10,0.931862093476783
20,"up",0.232029822442384,"cycle",13.8,1,2,10,1.02280889929202
30,"up",0.252265366547852,"cycle",9.6,1,2,10,1.11200904768341
50,"up",0.258994081869405,"cycle",10,1,2,10,1.14166984662401
100,"up",0.259250205693836,"cycle",9.8,1,2,10,1.1427988641106
100,"down",0.164324923061098,"cycle",9.8,1,2,10,0.724359446183267
50,"down",0.143709398557293,"cycle",10.4,1,2,10,0.633484309081871
30,"down",0.129376357378001,"cycle",10.4,1,2,10,0.570302939041651
20,"down",0.14577548554508,"cycle",10,1,2,10,0.642591811451936
10,"down",0.201963923114315,"cycle",20.2,1,2,10,0.890275636652461
10,"up",0.242208888245038,"steady",5.6,1,3,10,0.706285515238652
20,"up",0.215968066966043,"steady",3.4,1,3,10,0.629766804007173
30,"up",0.204974685741872,"steady",2.6,1,3,10,0.597709904781106
50,"up",0.193645150988538,"steady",2.4,1,3,10,0.564672775761393
100,"up",0.185143544342637,"steady",2.2,1,3,10,0.539881936441812
100,"down",0.184824393179057,"steady",0.2,1,3,10,0.538951285854869
50,"down",0.198448735306082,"steady",2.2,1,3,10,0.57868011483673
30,"down",0.204743467171634,"steady",1.2,1,3,10,0.597035667232697
20,"down",0.222013450491577,"steady",2.6,1,3,10,0.647395252116917
10,"down",0.251854945696228,"steady",3.4,1,3,10,0.734413593883079
10,"up",0.601852557487484,"steady",3.2,1,5,10,0.875933406986209
20,"up",0.449304899662818,"steady",8.6,1,5,10,0.653916256799214
30,"up",0.404338430496513,"steady",2.8,1,5,10,0.588472267159274
50,"up",0.320317700852974,"steady",6.4,1,5,10,0.466188888849192
100,"up",0.269268023220344,"steady",5.2,1,5,10,0.391891425960656
100,"down",0.265047893857053,"steady",0.2,1,5,10,0.385749469354969
50,"down",0.312106784362006,"steady",4.8,1,5,10,0.454238759258587
30,"down",0.367205478527293,"steady",5,1,5,10,0.534429141936648
20,"down",0.392723704699063,"steady",1.6,1,5,10,0.571568249368866
10,"down",0.504893964737047,"steady",6.2,1,5,10,0.734820323012574
